{
    "@timestamp": "2025-01-01T00:07:07.000-05:00",
    "agent": {
        "ephemeral_id": "9e0675fb-5a41-4e81-bc79-3b0638c84b5f",
        "id": "6e7f07fa-276e-4b46-afee-93cb40b42dc5",
        "name": "elastic-agent-47249",
        "type": "filebeat",
        "version": "8.17.1"
    },
    "client": {
        "address": "89.160.20.113",
        "as": {
            "number": 29518,
            "organization": {
                "name": "Bredband2 AB"
            }
        },
        "geo": {
            "city_name": "Linköping",
            "continent_name": "Europe",
            "country_iso_code": "SE",
            "country_name": "Sweden",
            "location": {
                "lat": 58.4167,
                "lon": 15.6167
            },
            "region_iso_code": "SE-E",
            "region_name": "Östergötland County"
        },
        "ip": "89.160.20.113"
    },
    "data_stream": {
        "dataset": "postfix.log",
        "namespace": "44741",
        "type": "logs"
    },
    "ecs": {
        "version": "8.11.0"
    },
    "elastic_agent": {
        "id": "6e7f07fa-276e-4b46-afee-93cb40b42dc5",
        "snapshot": false,
        "version": "8.17.1"
    },
    "event": {
        "agent_id_status": "verified",
        "category": [
            "session",
            "email"
        ],
        "dataset": "postfix.log",
        "ingested": "2025-01-23T12:55:42Z",
        "kind": [
            "metric",
            "event"
        ],
        "module": "anvil",
        "original": "Jan  1 00:07:07 mail postfix/anvil[21457]: statistics: max connection count 1 for (smtp:89.160.20.113) at Jan  1 00:03:46Dec 31 23:54:23 mail postfix/anvil[21425]: statistics: max cache size 1 at Dec 31 23:51:02",
        "provider": "postfix",
        "timezone": "America/New_York",
        "type": [
            "info"
        ]
    },
    "host": {
        "architecture": "x86_64",
        "containerized": false,
        "hostname": "elastic-agent-47249",
        "ip": [
            "172.20.0.2",
            "172.19.0.7"
        ],
        "mac": [
            "02-42-AC-13-00-07",
            "02-42-AC-14-00-02"
        ],
        "name": "mail",
        "os": {
            "family": "",
            "kernel": "6.8.0-51-generic",
            "name": "Wolfi",
            "platform": "wolfi",
            "type": "linux",
            "version": "20230201"
        }
    },
    "input": {
        "type": "filestream"
    },
    "log": {
        "file": {
            "device_id": "51",
            "inode": "24862",
            "path": "/tmp/service_logs/mail.log"
        },
        "offset": 125
    },
    "message": "statistics: max connection count 1 for (smtp:89.160.20.113) at Jan  1 00:03:46Dec 31 23:54:23 mail postfix/anvil[21425]: statistics: max cache size 1 at Dec 31 23:51:02",
    "postfix": {
        "anvil": {
            "connection": {
                "count": 1,
                "duration": 201000,
                "end_time": "2025-01-01T00:07:07.000-05:00",
                "service_name": "smtp",
                "start_time": "2025-01-01T00:03:46.000-05:00"
            }
        }
    },
    "process": {
        "name": "postfix/anvil",
        "pid": 21457
    },
    "tags": [
        "preserve_original_event",
        "connection_metrics_enabled",
        "geoip_enabled",
        "postfix"
    ]
}
