{
  "attributes": {
    "controlGroupInput": {
      "chainingSystem": "HIERARCHICAL",
      "controlStyle": "oneLine",
      "ignoreParentSettingsJSON": "{\"ignoreFilters\":false,\"ignoreQuery\":false,\"ignoreTimerange\":false,\"ignoreValidations\":false}",
      "panelsJSON": "{\"7506014b-3f78-4a89-be25-82d15583b3d7\":{\"explicitInput\":{\"dataViewId\":\"logs-*\",\"existsSelected\":true,\"fieldName\":\"host.name\",\"id\":\"7506014b-3f78-4a89-be25-82d15583b3d7\",\"searchTechnique\":\"prefix\",\"selectedOptions\":[],\"sort\":{\"by\":\"_count\",\"direction\":\"desc\"},\"title\":\"Postfix Host:\"},\"grow\":false,\"order\":0,\"type\":\"optionsListControl\",\"width\":\"medium\"}}",
      "showApplySelections": false
    },
    "description": "",
    "kibanaSavedObjectMeta": {
      "searchSourceJSON": "{\"filter\":[{\"$state\":{\"store\":\"appState\"},\"meta\":{\"alias\":\"Postfix Logs\",\"disabled\":false,\"field\":\"data_stream.dataset\",\"indexRefName\":\"kibanaSavedObjectMeta.searchSourceJSON.filter[0].meta.index\",\"key\":\"data_stream.dataset\",\"negate\":false,\"params\":{\"query\":\"postfix.log\"},\"type\":\"phrase\"},\"query\":{\"match_phrase\":{\"data_stream.dataset\":\"postfix.log\"}}},{\"$state\":{\"store\":\"appState\"},\"meta\":{\"alias\":\"*\",\"disabled\":false,\"indexRefName\":\"kibanaSavedObjectMeta.searchSourceJSON.filter[1].meta.index\",\"key\":\"query\",\"negate\":false,\"type\":\"custom\"},\"query\":{\"bool\":{\"filter\":[],\"must\":[],\"must_not\":[],\"should\":[]}}}],\"query\":{\"language\":\"kuery\",\"query\":\"\"}}"
    },
    "optionsJSON": "{\"hidePanelTitles\":false,\"syncColors\":false,\"syncCursor\":true,\"syncTooltips\":false,\"useMargins\":true}",
    "panelsJSON": "[{\"embeddableConfig\":{\"attributes\":{\"references\":[{\"id\":\"logs-*\",\"name\":\"indexpattern-datasource-layer-2b466730-9b62-4e77-98de-58dc660a380d\",\"type\":\"index-pattern\"},{\"id\":\"logs-*\",\"name\":\"indexpattern-datasource-layer-f3a4fab6-f2b9-4ad2-b29c-1fb43f155f4f\",\"type\":\"index-pattern\"}],\"state\":{\"adHocDataViews\":{},\"datasourceStates\":{\"formBased\":{\"currentIndexPatternId\":\"logs-*\",\"layers\":{\"2b466730-9b62-4e77-98de-58dc660a380d\":{\"columnOrder\":[\"bc179a99-6279-4741-956d-e7a44daf6bba\",\"bc179a99-6279-4741-956d-e7a44daf6bbaX0\"],\"columns\":{\"bc179a99-6279-4741-956d-e7a44daf6bba\":{\"customLabel\":true,\"dataType\":\"number\",\"isBucketed\":false,\"label\":\"Total Message Volume (count)\",\"operationType\":\"formula\",\"params\":{\"formula\":\"count(email.direction)\",\"isFormulaBroken\":false},\"references\":[\"bc179a99-6279-4741-956d-e7a44daf6bbaX0\"],\"scale\":\"ratio\"},\"bc179a99-6279-4741-956d-e7a44daf6bbaX0\":{\"customLabel\":true,\"dataType\":\"number\",\"isBucketed\":false,\"label\":\"Part of Total Message Count\",\"operationType\":\"count\",\"params\":{\"emptyAsNull\":false},\"scale\":\"ratio\",\"sourceField\":\"email.direction\"}},\"ignoreGlobalFilters\":false,\"incompleteColumns\":{},\"indexPatternId\":\"logs-*\",\"sampling\":1},\"f3a4fab6-f2b9-4ad2-b29c-1fb43f155f4f\":{\"columnOrder\":[\"47b5914f-82b1-489b-b764-54a7306993a6\",\"63f56f96-75e6-4d09-b199-87481fc4b845X0\",\"63f56f96-75e6-4d09-b199-87481fc4b845\"],\"columns\":{\"47b5914f-82b1-489b-b764-54a7306993a6\":{\"dataType\":\"date\",\"isBucketed\":true,\"label\":\"@timestamp\",\"operationType\":\"date_histogram\",\"params\":{\"dropPartials\":false,\"includeEmptyRows\":true,\"interval\":\"auto\"},\"scale\":\"interval\",\"sourceField\":\"@timestamp\"},\"63f56f96-75e6-4d09-b199-87481fc4b845\":{\"customLabel\":true,\"dataType\":\"number\",\"isBucketed\":false,\"label\":\"Total Message Volume (count)\",\"operationType\":\"formula\",\"params\":{\"formula\":\"count(email.direction)\",\"isFormulaBroken\":false},\"references\":[\"63f56f96-75e6-4d09-b199-87481fc4b845X0\"],\"scale\":\"ratio\"},\"63f56f96-75e6-4d09-b199-87481fc4b845X0\":{\"customLabel\":true,\"dataType\":\"number\",\"isBucketed\":false,\"label\":\"Part of Total Message Volume (count)\",\"operationType\":\"count\",\"params\":{\"emptyAsNull\":false},\"scale\":\"ratio\",\"sourceField\":\"email.direction\"}},\"ignoreGlobalFilters\":false,\"incompleteColumns\":{},\"indexPatternId\":\"logs-*\",\"linkToLayers\":[\"2b466730-9b62-4e77-98de-58dc660a380d\"],\"sampling\":1}}},\"indexpattern\":{\"layers\":{}},\"textBased\":{\"layers\":{}}},\"filters\":[],\"internalReferences\":[],\"query\":{\"language\":\"kuery\",\"query\":\"\"},\"visualization\":{\"layerId\":\"2b466730-9b62-4e77-98de-58dc660a380d\",\"layerType\":\"data\",\"metricAccessor\":\"bc179a99-6279-4741-956d-e7a44daf6bba\",\"showBar\":false,\"trendlineLayerId\":\"f3a4fab6-f2b9-4ad2-b29c-1fb43f155f4f\",\"trendlineLayerType\":\"metricTrendline\",\"trendlineMetricAccessor\":\"63f56f96-75e6-4d09-b199-87481fc4b845\",\"trendlineTimeAccessor\":\"47b5914f-82b1-489b-b764-54a7306993a6\"}},\"title\":\"\",\"type\":\"lens\",\"visualizationType\":\"lnsMetric\"},\"enhancements\":{},\"hidePanelTitles\":true},\"gridData\":{\"h\":5,\"i\":\"98c23b04-5088-4895-b886-7a6da668d895\",\"w\":5,\"x\":0,\"y\":0},\"panelIndex\":\"98c23b04-5088-4895-b886-7a6da668d895\",\"title\":\"Message Count\",\"type\":\"lens\"},{\"embeddableConfig\":{\"attributes\":{\"references\":[{\"id\":\"logs-*\",\"name\":\"indexpattern-datasource-layer-6815e34d-0ea0-40a1-b4c0-eb6747dd6092\",\"type\":\"index-pattern\"}],\"state\":{\"adHocDataViews\":{},\"datasourceStates\":{\"formBased\":{\"currentIndexPatternId\":\"logs-*\",\"layers\":{\"6815e34d-0ea0-40a1-b4c0-eb6747dd6092\":{\"columnOrder\":[\"f4aadf20-0bb7-4405-9581-aa70080249bf\",\"f4aadf20-0bb7-4405-9581-aa70080249bfX0\"],\"columns\":{\"f4aadf20-0bb7-4405-9581-aa70080249bf\":{\"customLabel\":true,\"dataType\":\"number\",\"isBucketed\":false,\"label\":\"Total Message Volume (size)\",\"operationType\":\"formula\",\"params\":{\"format\":{\"id\":\"bytes\",\"params\":{\"decimals\":2}},\"formula\":\"sum(postfix.email.size)\",\"isFormulaBroken\":false},\"references\":[\"f4aadf20-0bb7-4405-9581-aa70080249bfX0\"],\"scale\":\"ratio\"},\"f4aadf20-0bb7-4405-9581-aa70080249bfX0\":{\"customLabel\":true,\"dataType\":\"number\",\"isBucketed\":false,\"label\":\"Part of Message Volume (size)\",\"operationType\":\"sum\",\"params\":{\"emptyAsNull\":false},\"scale\":\"ratio\",\"sourceField\":\"postfix.email.size\"}},\"incompleteColumns\":{},\"indexPatternId\":\"logs-*\",\"sampling\":1}}},\"indexpattern\":{\"layers\":{}},\"textBased\":{\"layers\":{}}},\"filters\":[],\"internalReferences\":[],\"query\":{\"language\":\"kuery\",\"query\":\"\"},\"visualization\":{\"layerId\":\"6815e34d-0ea0-40a1-b4c0-eb6747dd6092\",\"layerType\":\"data\",\"metricAccessor\":\"f4aadf20-0bb7-4405-9581-aa70080249bf\"}},\"title\":\"\",\"type\":\"lens\",\"visualizationType\":\"lnsMetric\"},\"enhancements\":{}},\"gridData\":{\"h\":5,\"i\":\"8fd5dc81-5aa1-4ce9-93df-8279fd5262fc\",\"w\":5,\"x\":5,\"y\":0},\"panelIndex\":\"8fd5dc81-5aa1-4ce9-93df-8279fd5262fc\",\"type\":\"lens\"},{\"embeddableConfig\":{\"attributes\":{\"references\":[{\"id\":\"logs-*\",\"name\":\"indexpattern-datasource-layer-32545bd0-c3f6-46d0-b530-775f9e515cf3\",\"type\":\"index-pattern\"}],\"state\":{\"adHocDataViews\":{},\"datasourceStates\":{\"formBased\":{\"layers\":{\"32545bd0-c3f6-46d0-b530-775f9e515cf3\":{\"columnOrder\":[\"6a501fdc-d022-485c-acec-90f719f05522\",\"ce17f381-0f69-45dd-b732-f676b48f3240\",\"ff446e8c-6d93-4956-8ca8-d619668f89aa\",\"48faecca-67e1-47b8-9633-e62befac470b\",\"2f0fa569-255e-42c9-a23e-cfa2a21e9c13\"],\"columns\":{\"2f0fa569-255e-42c9-a23e-cfa2a21e9c13\":{\"customLabel\":true,\"dataType\":\"number\",\"isBucketed\":false,\"label\":\"In Queue Manager\",\"operationType\":\"median\",\"params\":{\"emptyAsNull\":true},\"scale\":\"ratio\",\"sourceField\":\"postfix.delivery.delays.in_qmgr_time\"},\"48faecca-67e1-47b8-9633-e62befac470b\":{\"customLabel\":true,\"dataType\":\"number\",\"isBucketed\":false,\"label\":\"Before Queue Manager\",\"operationType\":\"median\",\"params\":{\"emptyAsNull\":true},\"scale\":\"ratio\",\"sourceField\":\"postfix.delivery.delays.before_qmgr_time\"},\"6a501fdc-d022-485c-acec-90f719f05522\":{\"dataType\":\"date\",\"isBucketed\":true,\"label\":\"@timestamp\",\"operationType\":\"date_histogram\",\"params\":{\"dropPartials\":false,\"includeEmptyRows\":true,\"interval\":\"auto\"},\"scale\":\"interval\",\"sourceField\":\"@timestamp\"},\"ce17f381-0f69-45dd-b732-f676b48f3240\":{\"customLabel\":true,\"dataType\":\"number\",\"isBucketed\":false,\"label\":\"Connection Setup\",\"operationType\":\"median\",\"params\":{\"emptyAsNull\":true},\"scale\":\"ratio\",\"sourceField\":\"postfix.delivery.delays.connection_setup_time\"},\"ff446e8c-6d93-4956-8ca8-d619668f89aa\":{\"customLabel\":true,\"dataType\":\"number\",\"isBucketed\":false,\"label\":\"Message Transmission\",\"operationType\":\"median\",\"params\":{\"emptyAsNull\":true},\"scale\":\"ratio\",\"sourceField\":\"postfix.delivery.delays.message_transmission_time\"}},\"incompleteColumns\":{},\"sampling\":1}}},\"indexpattern\":{\"layers\":{}},\"textBased\":{\"layers\":{}}},\"filters\":[],\"internalReferences\":[],\"query\":{\"language\":\"kuery\",\"query\":\"\"},\"visualization\":{\"axisTitlesVisibilitySettings\":{\"x\":true,\"yLeft\":true,\"yRight\":true},\"fittingFunction\":\"Linear\",\"gridlinesVisibilitySettings\":{\"x\":true,\"yLeft\":true,\"yRight\":true},\"labelsOrientation\":{\"x\":0,\"yLeft\":0,\"yRight\":0},\"layers\":[{\"accessors\":[\"ce17f381-0f69-45dd-b732-f676b48f3240\",\"2f0fa569-255e-42c9-a23e-cfa2a21e9c13\",\"ff446e8c-6d93-4956-8ca8-d619668f89aa\",\"48faecca-67e1-47b8-9633-e62befac470b\"],\"colorMapping\":{\"assignments\":[],\"colorMode\":{\"type\":\"categorical\"},\"paletteId\":\"eui_amsterdam_color_blind\",\"specialAssignments\":[{\"color\":{\"type\":\"loop\"},\"rule\":{\"type\":\"other\"},\"touched\":false}]},\"layerId\":\"32545bd0-c3f6-46d0-b530-775f9e515cf3\",\"layerType\":\"data\",\"position\":\"top\",\"seriesType\":\"bar_horizontal_stacked\",\"showGridlines\":false,\"xAccessor\":\"6a501fdc-d022-485c-acec-90f719f05522\",\"yConfig\":[{\"axisMode\":\"auto\",\"color\":\"#aa6556\",\"forAccessor\":\"48faecca-67e1-47b8-9633-e62befac470b\"}]}],\"legend\":{\"isTitleVisible\":true,\"isVisible\":true,\"legendSize\":\"auto\",\"legendStats\":[\"median\",\"max\"],\"position\":\"right\",\"showSingleSeries\":true},\"preferredSeriesType\":\"bar_stacked\",\"tickLabelsVisibilitySettings\":{\"x\":true,\"yLeft\":true,\"yRight\":true},\"valueLabels\":\"hide\",\"yTitle\":\"Time (seconds)\"}},\"title\":\"\",\"type\":\"lens\",\"visualizationType\":\"lnsXY\"},\"enhancements\":{}},\"gridData\":{\"h\":10,\"i\":\"cc55639d-4ec0-45a7-a3ee-4334eb4918ad\",\"w\":19,\"x\":20,\"y\":0},\"panelIndex\":\"cc55639d-4ec0-45a7-a3ee-4334eb4918ad\",\"title\":\"Median Delivery Times\",\"type\":\"lens\"},{\"embeddableConfig\":{\"attributes\":{\"references\":[{\"id\":\"logs-*\",\"name\":\"indexpattern-datasource-layer-1ff3329a-8931-4034-acf1-dc809276d8c9\",\"type\":\"index-pattern\"},{\"id\":\"logs-*\",\"name\":\"indexpattern-datasource-layer-557770cb-f802-48ba-916e-2fbce2783aff\",\"type\":\"index-pattern\"}],\"state\":{\"adHocDataViews\":{},\"datasourceStates\":{\"formBased\":{\"currentIndexPatternId\":\"logs-*\",\"layers\":{\"1ff3329a-8931-4034-acf1-dc809276d8c9\":{\"columnOrder\":[\"480fa5c8-f4fd-42b2-9060-4b19c311c3b0\",\"4c53ba47-169d-4b1b-8c41-914ae438347f\"],\"columns\":{\"480fa5c8-f4fd-42b2-9060-4b19c311c3b0\":{\"customLabel\":true,\"dataType\":\"number\",\"isBucketed\":false,\"label\":\"Avg Delivery Delay\",\"operationType\":\"average\",\"params\":{\"emptyAsNull\":true,\"format\":{\"id\":\"number\",\"params\":{\"decimals\":2,\"suffix\":\"s\"}}},\"scale\":\"ratio\",\"sourceField\":\"postfix.delivery.delays.total_time\"},\"4c53ba47-169d-4b1b-8c41-914ae438347f\":{\"customLabel\":true,\"dataType\":\"number\",\"isBucketed\":false,\"label\":\"Max\",\"operationType\":\"max\",\"params\":{\"emptyAsNull\":true,\"format\":{\"id\":\"number\",\"params\":{\"decimals\":2,\"suffix\":\"s\"}}},\"scale\":\"ratio\",\"sourceField\":\"postfix.delivery.delays.total_time\"}},\"incompleteColumns\":{},\"indexPatternId\":\"logs-*\",\"sampling\":1},\"557770cb-f802-48ba-916e-2fbce2783aff\":{\"columnOrder\":[\"da434b36-3495-4fd0-b602-8b38b542364c\",\"d1e486c0-3be6-4028-9c23-76fcb73b531b\",\"c5ab270a-0602-4cc1-9a59-a88ecbcc79f8\"],\"columns\":{\"c5ab270a-0602-4cc1-9a59-a88ecbcc79f8\":{\"customLabel\":true,\"dataType\":\"number\",\"isBucketed\":false,\"label\":\"Avg Delivery Delay\",\"operationType\":\"average\",\"params\":{\"emptyAsNull\":true,\"format\":{\"id\":\"number\",\"params\":{\"decimals\":2,\"suffix\":\"s\"}}},\"scale\":\"ratio\",\"sourceField\":\"postfix.delivery.delays.total_time\"},\"d1e486c0-3be6-4028-9c23-76fcb73b531b\":{\"customLabel\":true,\"dataType\":\"number\",\"isBucketed\":false,\"label\":\"Max\",\"operationType\":\"max\",\"params\":{\"emptyAsNull\":true,\"format\":{\"id\":\"number\",\"params\":{\"decimals\":2,\"suffix\":\"s\"}}},\"scale\":\"ratio\",\"sourceField\":\"postfix.delivery.delays.total_time\"},\"da434b36-3495-4fd0-b602-8b38b542364c\":{\"dataType\":\"date\",\"isBucketed\":true,\"label\":\"@timestamp\",\"operationType\":\"date_histogram\",\"params\":{\"dropPartials\":false,\"includeEmptyRows\":true,\"interval\":\"auto\"},\"scale\":\"interval\",\"sourceField\":\"@timestamp\"}},\"ignoreGlobalFilters\":false,\"incompleteColumns\":{},\"indexPatternId\":\"logs-*\",\"linkToLayers\":[\"1ff3329a-8931-4034-acf1-dc809276d8c9\"],\"sampling\":1}}},\"indexpattern\":{\"layers\":{}},\"textBased\":{\"layers\":{}}},\"filters\":[],\"internalReferences\":[],\"query\":{\"language\":\"kuery\",\"query\":\"\"},\"visualization\":{\"layerId\":\"1ff3329a-8931-4034-acf1-dc809276d8c9\",\"layerType\":\"data\",\"metricAccessor\":\"480fa5c8-f4fd-42b2-9060-4b19c311c3b0\",\"secondaryMetricAccessor\":\"4c53ba47-169d-4b1b-8c41-914ae438347f\",\"showBar\":false,\"trendlineLayerId\":\"557770cb-f802-48ba-916e-2fbce2783aff\",\"trendlineLayerType\":\"metricTrendline\",\"trendlineMetricAccessor\":\"c5ab270a-0602-4cc1-9a59-a88ecbcc79f8\",\"trendlineSecondaryMetricAccessor\":\"d1e486c0-3be6-4028-9c23-76fcb73b531b\",\"trendlineTimeAccessor\":\"da434b36-3495-4fd0-b602-8b38b542364c\"}},\"title\":\"\",\"type\":\"lens\",\"visualizationType\":\"lnsMetric\"},\"enhancements\":{}},\"gridData\":{\"h\":5,\"i\":\"e5daf01a-5acf-4fbd-b441-9b415ce325dc\",\"w\":5,\"x\":10,\"y\":0},\"panelIndex\":\"e5daf01a-5acf-4fbd-b441-9b415ce325dc\",\"type\":\"lens\"},{\"embeddableConfig\":{\"attributes\":{\"description\":\"Total number of SMTPD connections over time as reported by anvil\",\"references\":[{\"id\":\"logs-*\",\"name\":\"indexpattern-datasource-layer-7845a4d5-dbd2-4bd7-bab8-5c6500b46629\",\"type\":\"index-pattern\"}],\"state\":{\"adHocDataViews\":{},\"datasourceStates\":{\"formBased\":{\"currentIndexPatternId\":\"logs-*\",\"layers\":{\"7845a4d5-dbd2-4bd7-bab8-5c6500b46629\":{\"columnOrder\":[\"c38ac6eb-912c-4c01-af52-ffd970c117ca\",\"0a11fb4e-b035-47d1-a809-365f9931811b\",\"e690f49e-20a2-4988-a552-463241a8d904\"],\"columns\":{\"0a11fb4e-b035-47d1-a809-365f9931811b\":{\"dataType\":\"date\",\"isBucketed\":true,\"label\":\"@timestamp\",\"operationType\":\"date_histogram\",\"params\":{\"dropPartials\":false,\"includeEmptyRows\":true,\"interval\":\"auto\"},\"scale\":\"interval\",\"sourceField\":\"@timestamp\"},\"c38ac6eb-912c-4c01-af52-ffd970c117ca\":{\"dataType\":\"string\",\"isBucketed\":true,\"label\":\"Top 8 values of host.name\",\"operationType\":\"terms\",\"params\":{\"accuracyMode\":true,\"exclude\":[],\"excludeIsRegex\":false,\"include\":[],\"includeIsRegex\":false,\"missingBucket\":false,\"orderBy\":{\"columnId\":\"e690f49e-20a2-4988-a552-463241a8d904\",\"type\":\"column\"},\"orderDirection\":\"desc\",\"otherBucket\":true,\"parentFormat\":{\"id\":\"terms\"},\"size\":8},\"scale\":\"ordinal\",\"sourceField\":\"host.name\"},\"e690f49e-20a2-4988-a552-463241a8d904\":{\"customLabel\":true,\"dataType\":\"number\",\"isBucketed\":false,\"label\":\"Connection Count\",\"operationType\":\"sum\",\"params\":{\"emptyAsNull\":true},\"scale\":\"ratio\",\"sourceField\":\"postfix.anvil.connection.count\"}},\"ignoreGlobalFilters\":false,\"incompleteColumns\":{},\"indexPatternId\":\"logs-*\",\"sampling\":1}}},\"indexpattern\":{\"layers\":{}},\"textBased\":{\"layers\":{}}},\"filters\":[],\"internalReferences\":[],\"query\":{\"language\":\"kuery\",\"query\":\"\"},\"visualization\":{\"axisTitlesVisibilitySettings\":{\"x\":true,\"yLeft\":true,\"yRight\":true},\"fittingFunction\":\"None\",\"gridlinesVisibilitySettings\":{\"x\":true,\"yLeft\":true,\"yRight\":true},\"labelsOrientation\":{\"x\":0,\"yLeft\":0,\"yRight\":0},\"layers\":[{\"accessors\":[\"e690f49e-20a2-4988-a552-463241a8d904\"],\"colorMapping\":{\"assignments\":[],\"colorMode\":{\"type\":\"categorical\"},\"paletteId\":\"eui_amsterdam_color_blind\",\"specialAssignments\":[{\"color\":{\"type\":\"loop\"},\"rule\":{\"type\":\"other\"},\"touched\":false}]},\"layerId\":\"7845a4d5-dbd2-4bd7-bab8-5c6500b46629\",\"layerType\":\"data\",\"position\":\"top\",\"seriesType\":\"bar_stacked\",\"showGridlines\":false,\"splitAccessor\":\"c38ac6eb-912c-4c01-af52-ffd970c117ca\",\"xAccessor\":\"0a11fb4e-b035-47d1-a809-365f9931811b\"}],\"legend\":{\"isVisible\":true,\"legendSize\":\"large\",\"position\":\"right\"},\"preferredSeriesType\":\"bar_stacked\",\"tickLabelsVisibilitySettings\":{\"x\":true,\"yLeft\":true,\"yRight\":true},\"valueLabels\":\"hide\"}},\"title\":\"\",\"type\":\"lens\",\"visualizationType\":\"lnsXY\"},\"description\":\"Total number of connections to Postfix over time as reported by anvil\",\"enhancements\":{}},\"gridData\":{\"h\":10,\"i\":\"0bc7191a-991a-4c44-bb2e-22717cf0cbb2\",\"w\":20,\"x\":0,\"y\":5},\"panelIndex\":\"0bc7191a-991a-4c44-bb2e-22717cf0cbb2\",\"title\":\"Connections over time\",\"type\":\"lens\"},{\"embeddableConfig\":{\"attributes\":{\"references\":[{\"id\":\"logs-*\",\"name\":\"indexpattern-datasource-layer-8db41fad-1eba-4558-a676-5073ec442582\",\"type\":\"index-pattern\"}],\"state\":{\"adHocDataViews\":{},\"datasourceStates\":{\"formBased\":{\"layers\":{\"8db41fad-1eba-4558-a676-5073ec442582\":{\"columnOrder\":[\"ccb27817-eb0a-484a-985b-58d947276b28\",\"16ba5bc5-c8ad-469b-89cb-8156e33c4c55\",\"628671f4-cf6d-4c01-9386-de721dec3cae\"],\"columns\":{\"16ba5bc5-c8ad-469b-89cb-8156e33c4c55\":{\"customLabel\":true,\"dataType\":\"string\",\"isBucketed\":true,\"label\":\"Delivery Status\",\"operationType\":\"terms\",\"params\":{\"accuracyMode\":true,\"exclude\":[],\"excludeIsRegex\":false,\"include\":[],\"includeIsRegex\":false,\"missingBucket\":false,\"orderBy\":{\"fallback\":false,\"type\":\"alphabetical\"},\"orderDirection\":\"asc\",\"otherBucket\":true,\"parentFormat\":{\"id\":\"terms\"},\"size\":7},\"scale\":\"ordinal\",\"sourceField\":\"postfix.delivery.status\"},\"628671f4-cf6d-4c01-9386-de721dec3cae\":{\"customLabel\":true,\"dataType\":\"number\",\"isBucketed\":false,\"label\":\"count\",\"operationType\":\"count\",\"params\":{\"emptyAsNull\":true},\"scale\":\"ratio\",\"sourceField\":\"___records___\"},\"ccb27817-eb0a-484a-985b-58d947276b28\":{\"customLabel\":true,\"dataType\":\"string\",\"isBucketed\":true,\"label\":\"Email Direction\",\"operationType\":\"terms\",\"params\":{\"exclude\":[],\"excludeIsRegex\":false,\"include\":[],\"includeIsRegex\":false,\"missingBucket\":false,\"orderBy\":{\"columnId\":\"628671f4-cf6d-4c01-9386-de721dec3cae\",\"type\":\"column\"},\"orderDirection\":\"desc\",\"otherBucket\":true,\"parentFormat\":{\"id\":\"terms\"},\"size\":2},\"scale\":\"ordinal\",\"sourceField\":\"email.direction\"}},\"incompleteColumns\":{},\"sampling\":1}}},\"indexpattern\":{\"layers\":{}},\"textBased\":{\"layers\":{}}},\"filters\":[],\"internalReferences\":[],\"query\":{\"language\":\"kuery\",\"query\":\"\"},\"visualization\":{\"columns\":[{\"colorMapping\":{\"assignments\":[{\"color\":{\"colorIndex\":2,\"paletteId\":\"eui_amsterdam_color_blind\",\"type\":\"categorical\"},\"rule\":{\"type\":\"matchExactly\",\"values\":[\"bounced\"]},\"touched\":true},{\"color\":{\"colorIndex\":0,\"paletteId\":\"eui_amsterdam_color_blind\",\"type\":\"categorical\"},\"rule\":{\"type\":\"matchExactly\",\"values\":[\"sent\"]},\"touched\":true},{\"color\":{\"colorIndex\":1,\"paletteId\":\"eui_amsterdam_color_blind\",\"type\":\"categorical\"},\"rule\":{\"type\":\"matchExactly\",\"values\":[]},\"touched\":false}],\"colorMode\":{\"type\":\"categorical\"},\"paletteId\":\"eui_amsterdam_color_blind\",\"specialAssignments\":[{\"color\":{\"type\":\"loop\"},\"rule\":{\"type\":\"other\"},\"touched\":false}]},\"colorMode\":\"text\",\"columnId\":\"16ba5bc5-c8ad-469b-89cb-8156e33c4c55\",\"palette\":{\"name\":\"default\",\"params\":{\"stops\":[{\"color\":\"#54B399\",\"stop\":20},{\"color\":\"#6092C0\",\"stop\":30},{\"color\":\"#D36086\",\"stop\":40},{\"color\":\"#9170B8\",\"stop\":50},{\"color\":\"#CA8EAE\",\"stop\":60},{\"color\":\"#D6BF57\",\"stop\":70},{\"color\":\"#B9A888\",\"stop\":80},{\"color\":\"#DA8B45\",\"stop\":90},{\"color\":\"#AA6556\",\"stop\":100},{\"color\":\"#E7664C\",\"stop\":110}]},\"type\":\"palette\"}},{\"columnId\":\"628671f4-cf6d-4c01-9386-de721dec3cae\",\"summaryLabel\":\"Total\",\"summaryRow\":\"sum\"},{\"columnId\":\"ccb27817-eb0a-484a-985b-58d947276b28\",\"isMetric\":false,\"isTransposed\":true}],\"layerId\":\"8db41fad-1eba-4558-a676-5073ec442582\",\"layerType\":\"data\"}},\"title\":\"\",\"type\":\"lens\",\"visualizationType\":\"lnsDatatable\"},\"enhancements\":{}},\"gridData\":{\"h\":10,\"i\":\"272f80ed-0384-4cdf-8ac5-8cba0ee96961\",\"w\":19,\"x\":20,\"y\":10},\"panelIndex\":\"272f80ed-0384-4cdf-8ac5-8cba0ee96961\",\"type\":\"lens\"},{\"embeddableConfig\":{\"attributes\":{\"references\":[{\"id\":\"logs-*\",\"name\":\"indexpattern-datasource-layer-54eb68b6-cd67-476b-ab63-c75015e778b9\",\"type\":\"index-pattern\"}],\"state\":{\"adHocDataViews\":{},\"datasourceStates\":{\"formBased\":{\"currentIndexPatternId\":\"logs-*\",\"layers\":{\"54eb68b6-cd67-476b-ab63-c75015e778b9\":{\"columnOrder\":[\"77eec45a-3233-49d0-8dcb-3292f74560bd\",\"ac89f950-6c5e-40bf-b6df-734c42769e23\",\"2b9bb4a3-344f-4031-8815-953689c4c16c\",\"6dc76a8a-dd22-479b-b55a-efc04392cb2e\"],\"columns\":{\"2b9bb4a3-344f-4031-8815-953689c4c16c\":{\"customLabel\":true,\"dataType\":\"number\",\"isBucketed\":false,\"label\":\"Total recipients\",\"operationType\":\"sum\",\"params\":{\"emptyAsNull\":true},\"scale\":\"ratio\",\"sourceField\":\"postfix.qmgr.local_recipient_count\"},\"6dc76a8a-dd22-479b-b55a-efc04392cb2e\":{\"dataType\":\"number\",\"isBucketed\":false,\"label\":\"Count of records\",\"operationType\":\"count\",\"params\":{\"emptyAsNull\":true},\"scale\":\"ratio\",\"sourceField\":\"___records___\"},\"77eec45a-3233-49d0-8dcb-3292f74560bd\":{\"customLabel\":true,\"dataType\":\"string\",\"isBucketed\":true,\"label\":\"Top 5 From Addresses\",\"operationType\":\"terms\",\"params\":{\"accuracyMode\":true,\"exclude\":[],\"excludeIsRegex\":false,\"include\":[],\"includeIsRegex\":false,\"missingBucket\":false,\"orderBy\":{\"columnId\":\"ac89f950-6c5e-40bf-b6df-734c42769e23\",\"type\":\"column\"},\"orderDirection\":\"desc\",\"otherBucket\":true,\"parentFormat\":{\"id\":\"terms\"},\"size\":5},\"scale\":\"ordinal\",\"sourceField\":\"email.from.address\"},\"ac89f950-6c5e-40bf-b6df-734c42769e23\":{\"customLabel\":true,\"dataType\":\"number\",\"isBucketed\":false,\"label\":\"Total email size\",\"operationType\":\"sum\",\"params\":{\"emptyAsNull\":true,\"format\":{\"id\":\"bytes\",\"params\":{\"decimals\":2}}},\"scale\":\"ratio\",\"sourceField\":\"postfix.email.size\"}},\"incompleteColumns\":{},\"indexPatternId\":\"logs-*\",\"sampling\":1}}},\"indexpattern\":{\"layers\":{}},\"textBased\":{\"layers\":{}}},\"filters\":[],\"internalReferences\":[],\"query\":{\"language\":\"kuery\",\"query\":\"\"},\"visualization\":{\"columns\":[{\"collapseFn\":\"\",\"columnId\":\"77eec45a-3233-49d0-8dcb-3292f74560bd\",\"isTransposed\":false},{\"columnId\":\"ac89f950-6c5e-40bf-b6df-734c42769e23\",\"isTransposed\":false},{\"alignment\":\"center\",\"columnId\":\"6dc76a8a-dd22-479b-b55a-efc04392cb2e\",\"hidden\":true,\"isMetric\":true,\"isTransposed\":false},{\"alignment\":\"center\",\"columnId\":\"2b9bb4a3-344f-4031-8815-953689c4c16c\",\"isTransposed\":false}],\"layerId\":\"54eb68b6-cd67-476b-ab63-c75015e778b9\",\"layerType\":\"data\"}},\"title\":\"\",\"type\":\"lens\",\"visualizationType\":\"lnsDatatable\"},\"enhancements\":{}},\"gridData\":{\"h\":10,\"i\":\"7dc41a75-a69b-4761-adaf-5711b3493555\",\"w\":20,\"x\":0,\"y\":15},\"panelIndex\":\"7dc41a75-a69b-4761-adaf-5711b3493555\",\"type\":\"lens\"}]",
    "timeRestore": false,
    "title": "[Logs Postfix] Email Delivery",
    "version": 3
  },
  "coreMigrationVersion": "8.8.0",
  "created_at": "2025-03-14T19:47:50.650Z",
  "id": "postfix-4a27ec5d-cd81-47fa-9ef4-786d5cb4e91a",
  "managed": false,
  "references": [
    {
      "id": "logs-*",
      "name": "kibanaSavedObjectMeta.searchSourceJSON.filter[0].meta.index",
      "type": "index-pattern"
    },
    {
      "id": "logs-*",
      "name": "kibanaSavedObjectMeta.searchSourceJSON.filter[1].meta.index",
      "type": "index-pattern"
    },
    {
      "id": "logs-*",
      "name": "98c23b04-5088-4895-b886-7a6da668d895:indexpattern-datasource-layer-2b466730-9b62-4e77-98de-58dc660a380d",
      "type": "index-pattern"
    },
    {
      "id": "logs-*",
      "name": "98c23b04-5088-4895-b886-7a6da668d895:indexpattern-datasource-layer-f3a4fab6-f2b9-4ad2-b29c-1fb43f155f4f",
      "type": "index-pattern"
    },
    {
      "id": "logs-*",
      "name": "8fd5dc81-5aa1-4ce9-93df-8279fd5262fc:indexpattern-datasource-layer-6815e34d-0ea0-40a1-b4c0-eb6747dd6092",
      "type": "index-pattern"
    },
    {
      "id": "logs-*",
      "name": "cc55639d-4ec0-45a7-a3ee-4334eb4918ad:indexpattern-datasource-layer-32545bd0-c3f6-46d0-b530-775f9e515cf3",
      "type": "index-pattern"
    },
    {
      "id": "logs-*",
      "name": "e5daf01a-5acf-4fbd-b441-9b415ce325dc:indexpattern-datasource-layer-1ff3329a-8931-4034-acf1-dc809276d8c9",
      "type": "index-pattern"
    },
    {
      "id": "logs-*",
      "name": "e5daf01a-5acf-4fbd-b441-9b415ce325dc:indexpattern-datasource-layer-557770cb-f802-48ba-916e-2fbce2783aff",
      "type": "index-pattern"
    },
    {
      "id": "logs-*",
      "name": "0bc7191a-991a-4c44-bb2e-22717cf0cbb2:indexpattern-datasource-layer-7845a4d5-dbd2-4bd7-bab8-5c6500b46629",
      "type": "index-pattern"
    },
    {
      "id": "logs-*",
      "name": "272f80ed-0384-4cdf-8ac5-8cba0ee96961:indexpattern-datasource-layer-8db41fad-1eba-4558-a676-5073ec442582",
      "type": "index-pattern"
    },
    {
      "id": "logs-*",
      "name": "7dc41a75-a69b-4761-adaf-5711b3493555:indexpattern-datasource-layer-54eb68b6-cd67-476b-ab63-c75015e778b9",
      "type": "index-pattern"
    },
    {
      "id": "postfix-2c6424b0-b3bf-11ee-a818-97241a48aae3",
      "name": "tag-ref-postfix-2c6424b0-b3bf-11ee-a818-97241a48aae3",
      "type": "tag"
    },
    {
      "id": "logs-*",
      "name": "controlGroup_8946af8e-673a-40d0-80db-28ebd436ccb5:optionsListDataView",
      "type": "index-pattern"
    }
  ],
  "type": "dashboard",
  "typeMigrationVersion": "10.2.0",
  "updated_by": "u_WvLOh0YM7CBW0L2-n7jdpXRi49QHTZrupTfDY4BI6JU_0"
}