{
  "attributes": {
    "controlGroupInput": {
      "chainingSystem": "HIERARCHICAL",
      "controlStyle": "oneLine",
      "ignoreParentSettingsJSON": "{\"ignoreFilters\":false,\"ignoreQuery\":false,\"ignoreTimerange\":false,\"ignoreValidations\":false}",
      "panelsJSON": "{\"3b4da17d-7fd1-48ee-9058-ed3bdfd2be46\":{\"explicitInput\":{\"dataViewId\":\"logs-*\",\"existsSelected\":true,\"fieldName\":\"host.name\",\"id\":\"3b4da17d-7fd1-48ee-9058-ed3bdfd2be46\",\"searchTechnique\":\"prefix\",\"selectedOptions\":[],\"sort\":{\"by\":\"_count\",\"direction\":\"desc\"},\"title\":\"Postfix Host:\"},\"grow\":false,\"order\":0,\"type\":\"optionsListControl\",\"width\":\"medium\"}}",
      "showApplySelections": false
    },
    "description": "",
    "kibanaSavedObjectMeta": {
      "searchSourceJSON": "{\"filter\":[{\"$state\":{\"store\":\"appState\"},\"meta\":{\"alias\":\"Postfix Logs\",\"disabled\":false,\"field\":\"data_stream.dataset\",\"indexRefName\":\"kibanaSavedObjectMeta.searchSourceJSON.filter[0].meta.index\",\"key\":\"data_stream.dataset\",\"negate\":false,\"params\":{\"query\":\"postfix.log\"},\"type\":\"phrase\"},\"query\":{\"match_phrase\":{\"data_stream.dataset\":\"postfix.log\"}}}],\"query\":{\"language\":\"kuery\",\"query\":\"\"}}"
    },
    "optionsJSON": "{\"hidePanelTitles\":false,\"syncColors\":false,\"syncCursor\":true,\"syncTooltips\":false,\"useMargins\":true}",
    "panelsJSON": "[{\"embeddableConfig\":{\"attributes\":{\"references\":[{\"id\":\"logs-*\",\"name\":\"indexpattern-datasource-layer-0e525c49-2674-4963-87a3-1d921382d37d\",\"type\":\"index-pattern\"}],\"state\":{\"adHocDataViews\":{},\"datasourceStates\":{\"formBased\":{\"currentIndexPatternId\":\"logs-*\",\"layers\":{\"0e525c49-2674-4963-87a3-1d921382d37d\":{\"columnOrder\":[\"2d5141a9-9752-4851-a74d-b555c12bbfbf\"],\"columns\":{\"2d5141a9-9752-4851-a74d-b555c12bbfbf\":{\"customLabel\":true,\"dataType\":\"number\",\"isBucketed\":false,\"label\":\"Connection Count\",\"operationType\":\"sum\",\"params\":{\"emptyAsNull\":true},\"scale\":\"ratio\",\"sourceField\":\"postfix.anvil.connection.count\"}},\"incompleteColumns\":{},\"indexPatternId\":\"logs-*\"}}},\"indexpattern\":{\"layers\":{}},\"textBased\":{\"layers\":{}}},\"filters\":[],\"internalReferences\":[],\"query\":{\"language\":\"kuery\",\"query\":\"\"},\"visualization\":{\"layerId\":\"0e525c49-2674-4963-87a3-1d921382d37d\",\"layerType\":\"data\",\"metricAccessor\":\"2d5141a9-9752-4851-a74d-b555c12bbfbf\"}},\"title\":\"\",\"type\":\"lens\",\"visualizationType\":\"lnsMetric\"},\"description\":\"Total number of connections for the specified time range.\",\"enhancements\":{}},\"gridData\":{\"h\":5,\"i\":\"94b7c581-9e8c-4b28-b47c-5068a8ee8261\",\"w\":5,\"x\":0,\"y\":0},\"panelIndex\":\"94b7c581-9e8c-4b28-b47c-5068a8ee8261\",\"title\":\"\",\"type\":\"lens\"},{\"embeddableConfig\":{\"attributes\":{\"references\":[{\"id\":\"logs-*\",\"name\":\"indexpattern-datasource-layer-360822d2-ce88-4c46-a919-14d512dc6bb9\",\"type\":\"index-pattern\"},{\"id\":\"logs-*\",\"name\":\"indexpattern-datasource-layer-e2674976-5b0e-451a-bfcf-c7236d168b76\",\"type\":\"index-pattern\"}],\"state\":{\"adHocDataViews\":{},\"datasourceStates\":{\"formBased\":{\"layers\":{\"360822d2-ce88-4c46-a919-14d512dc6bb9\":{\"columnOrder\":[\"ebfa8298-d7c7-45d2-9c9c-3beeb64540bd\",\"77783950-3d1b-4621-8d3a-34175b0219ce\"],\"columns\":{\"77783950-3d1b-4621-8d3a-34175b0219ce\":{\"customLabel\":true,\"dataType\":\"number\",\"isBucketed\":false,\"label\":\"Max\",\"operationType\":\"max\",\"params\":{\"emptyAsNull\":true},\"scale\":\"ratio\",\"sourceField\":\"postfix.anvil.connection.rate.count\"},\"ebfa8298-d7c7-45d2-9c9c-3beeb64540bd\":{\"customLabel\":true,\"dataType\":\"number\",\"isBucketed\":false,\"label\":\"Median Connection Rate\",\"operationType\":\"median\",\"params\":{\"emptyAsNull\":true},\"scale\":\"ratio\",\"sourceField\":\"postfix.anvil.connection.rate.count\"}},\"ignoreGlobalFilters\":false,\"incompleteColumns\":{},\"sampling\":1},\"e2674976-5b0e-451a-bfcf-c7236d168b76\":{\"columnOrder\":[\"13fd358e-6a6a-4e2f-aa59-476583fe8b78\",\"ed5e423f-47f5-4c53-8ad6-e3ab9c37d832\",\"524f1b50-d244-428d-9536-771303d93eee\"],\"columns\":{\"13fd358e-6a6a-4e2f-aa59-476583fe8b78\":{\"dataType\":\"date\",\"isBucketed\":true,\"label\":\"@timestamp\",\"operationType\":\"date_histogram\",\"params\":{\"dropPartials\":false,\"includeEmptyRows\":true,\"interval\":\"auto\"},\"scale\":\"interval\",\"sourceField\":\"@timestamp\"},\"524f1b50-d244-428d-9536-771303d93eee\":{\"customLabel\":true,\"dataType\":\"number\",\"isBucketed\":false,\"label\":\"Median Connection Rate\",\"operationType\":\"median\",\"params\":{\"emptyAsNull\":true},\"scale\":\"ratio\",\"sourceField\":\"postfix.anvil.connection.rate.count\"},\"ed5e423f-47f5-4c53-8ad6-e3ab9c37d832\":{\"customLabel\":true,\"dataType\":\"number\",\"isBucketed\":false,\"label\":\"Max\",\"operationType\":\"max\",\"params\":{\"emptyAsNull\":true},\"scale\":\"ratio\",\"sourceField\":\"postfix.anvil.connection.rate.count\"}},\"ignoreGlobalFilters\":false,\"incompleteColumns\":{},\"linkToLayers\":[\"360822d2-ce88-4c46-a919-14d512dc6bb9\"],\"sampling\":1}}},\"indexpattern\":{\"layers\":{}},\"textBased\":{\"layers\":{}}},\"filters\":[],\"internalReferences\":[],\"query\":{\"language\":\"kuery\",\"query\":\"\"},\"visualization\":{\"layerId\":\"360822d2-ce88-4c46-a919-14d512dc6bb9\",\"layerType\":\"data\",\"metricAccessor\":\"ebfa8298-d7c7-45d2-9c9c-3beeb64540bd\",\"secondaryMetricAccessor\":\"77783950-3d1b-4621-8d3a-34175b0219ce\",\"trendlineLayerId\":\"e2674976-5b0e-451a-bfcf-c7236d168b76\",\"trendlineLayerType\":\"metricTrendline\",\"trendlineMetricAccessor\":\"524f1b50-d244-428d-9536-771303d93eee\",\"trendlineSecondaryMetricAccessor\":\"ed5e423f-47f5-4c53-8ad6-e3ab9c37d832\",\"trendlineTimeAccessor\":\"13fd358e-6a6a-4e2f-aa59-476583fe8b78\"}},\"title\":\"\",\"type\":\"lens\",\"visualizationType\":\"lnsMetric\"},\"enhancements\":{}},\"gridData\":{\"h\":5,\"i\":\"a5adcd7d-c2fd-4834-9bfa-a2a914ad289d\",\"w\":5,\"x\":5,\"y\":0},\"panelIndex\":\"a5adcd7d-c2fd-4834-9bfa-a2a914ad289d\",\"type\":\"lens\"},{\"embeddableConfig\":{\"attributes\":{\"references\":[{\"id\":\"logs-*\",\"name\":\"indexpattern-datasource-layer-126dc936-25bb-415a-ad22-4e473b55d73b\",\"type\":\"index-pattern\"}],\"state\":{\"adHocDataViews\":{},\"datasourceStates\":{\"formBased\":{\"currentIndexPatternId\":\"logs-*\",\"layers\":{\"126dc936-25bb-415a-ad22-4e473b55d73b\":{\"columnOrder\":[\"3a207847-0086-4e14-a26f-4e87b89407d8\"],\"columns\":{\"3a207847-0086-4e14-a26f-4e87b89407d8\":{\"customLabel\":true,\"dataType\":\"number\",\"isBucketed\":false,\"label\":\"Deliveries Accepted (Inbound)\",\"operationType\":\"sum\",\"params\":{\"emptyAsNull\":true},\"scale\":\"ratio\",\"sourceField\":\"postfix.qmgr.local_recipient_count\"}},\"incompleteColumns\":{},\"indexPatternId\":\"logs-*\",\"sampling\":1}}},\"indexpattern\":{\"layers\":{}},\"textBased\":{\"layers\":{}}},\"filters\":[],\"internalReferences\":[],\"query\":{\"language\":\"kuery\",\"query\":\"\"},\"visualization\":{\"layerId\":\"126dc936-25bb-415a-ad22-4e473b55d73b\",\"layerType\":\"data\",\"metricAccessor\":\"3a207847-0086-4e14-a26f-4e87b89407d8\"}},\"title\":\"\",\"type\":\"lens\",\"visualizationType\":\"lnsMetric\"},\"enhancements\":{}},\"gridData\":{\"h\":5,\"i\":\"3aedd9fb-d69c-4fb8-b54c-6a7b633c0676\",\"w\":5,\"x\":10,\"y\":0},\"panelIndex\":\"3aedd9fb-d69c-4fb8-b54c-6a7b633c0676\",\"type\":\"lens\"},{\"embeddableConfig\":{\"attributes\":{\"references\":[{\"id\":\"logs-*\",\"name\":\"indexpattern-datasource-layer-6d7923a8-7288-49f3-bbc9-6cdad702b85e\",\"type\":\"index-pattern\"}],\"state\":{\"adHocDataViews\":{},\"datasourceStates\":{\"formBased\":{\"currentIndexPatternId\":\"logs-*\",\"layers\":{\"6d7923a8-7288-49f3-bbc9-6cdad702b85e\":{\"columnOrder\":[\"adee310c-0fc5-41b3-8a95-65b51b997906\"],\"columns\":{\"adee310c-0fc5-41b3-8a95-65b51b997906\":{\"customLabel\":true,\"dataType\":\"number\",\"filter\":{\"language\":\"kuery\",\"query\":\"postfix.delivery.reject.type: \\\"reject\\\" \"},\"isBucketed\":false,\"label\":\"Deliveries Rejected (Inbound)\",\"operationType\":\"count\",\"params\":{\"emptyAsNull\":true},\"scale\":\"ratio\",\"sourceField\":\"postfix.delivery.reject.type\"}},\"incompleteColumns\":{},\"indexPatternId\":\"logs-*\"}}},\"indexpattern\":{\"layers\":{}},\"textBased\":{\"layers\":{}}},\"filters\":[],\"internalReferences\":[],\"query\":{\"language\":\"kuery\",\"query\":\"\"},\"visualization\":{\"color\":\"#1D1E24\",\"icon\":\"empty\",\"layerId\":\"6d7923a8-7288-49f3-bbc9-6cdad702b85e\",\"layerType\":\"data\",\"metricAccessor\":\"adee310c-0fc5-41b3-8a95-65b51b997906\"}},\"title\":\"\",\"type\":\"lens\",\"visualizationType\":\"lnsMetric\"},\"enhancements\":{}},\"gridData\":{\"h\":5,\"i\":\"82b991e2-891c-40e1-815c-e1325a05a185\",\"w\":5,\"x\":15,\"y\":0},\"panelIndex\":\"82b991e2-891c-40e1-815c-e1325a05a185\",\"type\":\"lens\"},{\"embeddableConfig\":{\"attributes\":{\"references\":[{\"id\":\"logs-*\",\"name\":\"indexpattern-datasource-layer-de5a6590-01a2-44be-a1c8-c69e4c22d51f\",\"type\":\"index-pattern\"}],\"state\":{\"adHocDataViews\":{},\"datasourceStates\":{\"formBased\":{\"currentIndexPatternId\":\"logs-*\",\"layers\":{\"de5a6590-01a2-44be-a1c8-c69e4c22d51f\":{\"columnOrder\":[\"982ee109-32e1-4f69-92b2-2dee563eeb7d\"],\"columns\":{\"982ee109-32e1-4f69-92b2-2dee563eeb7d\":{\"customLabel\":true,\"dataType\":\"number\",\"filter\":{\"language\":\"kuery\",\"query\":\"event.module:\\\"smtp\\\" and postfix.delivery.status :\\\"sent\\\" \"},\"isBucketed\":false,\"label\":\"Deliveries Accepted (Outbound)\",\"operationType\":\"count\",\"params\":{\"emptyAsNull\":true},\"scale\":\"ratio\",\"sourceField\":\"email.to.address\"}},\"incompleteColumns\":{},\"indexPatternId\":\"logs-*\",\"sampling\":1}}},\"indexpattern\":{\"layers\":{}},\"textBased\":{\"layers\":{}}},\"filters\":[],\"internalReferences\":[],\"query\":{\"language\":\"kuery\",\"query\":\"\"},\"visualization\":{\"layerId\":\"de5a6590-01a2-44be-a1c8-c69e4c22d51f\",\"layerType\":\"data\",\"metricAccessor\":\"982ee109-32e1-4f69-92b2-2dee563eeb7d\"}},\"title\":\"\",\"type\":\"lens\",\"visualizationType\":\"lnsMetric\"},\"enhancements\":{}},\"gridData\":{\"h\":5,\"i\":\"44738699-315d-4123-9f5a-663de3f8a52f\",\"w\":5,\"x\":20,\"y\":0},\"panelIndex\":\"44738699-315d-4123-9f5a-663de3f8a52f\",\"type\":\"lens\"},{\"embeddableConfig\":{\"attributes\":{\"references\":[{\"id\":\"logs-*\",\"name\":\"indexpattern-datasource-layer-1ff3329a-8931-4034-acf1-dc809276d8c9\",\"type\":\"index-pattern\"}],\"state\":{\"adHocDataViews\":{},\"datasourceStates\":{\"formBased\":{\"currentIndexPatternId\":\"logs-*\",\"layers\":{\"1ff3329a-8931-4034-acf1-dc809276d8c9\":{\"columnOrder\":[\"480fa5c8-f4fd-42b2-9060-4b19c311c3b0\",\"4c53ba47-169d-4b1b-8c41-914ae438347f\"],\"columns\":{\"480fa5c8-f4fd-42b2-9060-4b19c311c3b0\":{\"customLabel\":true,\"dataType\":\"number\",\"isBucketed\":false,\"label\":\"Avg Delivery Delay\",\"operationType\":\"average\",\"params\":{\"emptyAsNull\":true,\"format\":{\"id\":\"number\",\"params\":{\"decimals\":2,\"suffix\":\"s\"}}},\"scale\":\"ratio\",\"sourceField\":\"postfix.delivery.delays.total_time\"},\"4c53ba47-169d-4b1b-8c41-914ae438347f\":{\"customLabel\":true,\"dataType\":\"number\",\"isBucketed\":false,\"label\":\"Max\",\"operationType\":\"max\",\"params\":{\"emptyAsNull\":true,\"format\":{\"id\":\"number\",\"params\":{\"decimals\":2,\"suffix\":\"s\"}}},\"scale\":\"ratio\",\"sourceField\":\"postfix.delivery.delays.total_time\"}},\"incompleteColumns\":{},\"indexPatternId\":\"logs-*\",\"sampling\":1}}},\"indexpattern\":{\"layers\":{}},\"textBased\":{\"layers\":{}}},\"filters\":[],\"internalReferences\":[],\"query\":{\"language\":\"kuery\",\"query\":\"\"},\"visualization\":{\"layerId\":\"1ff3329a-8931-4034-acf1-dc809276d8c9\",\"layerType\":\"data\",\"metricAccessor\":\"480fa5c8-f4fd-42b2-9060-4b19c311c3b0\",\"secondaryMetricAccessor\":\"4c53ba47-169d-4b1b-8c41-914ae438347f\"}},\"title\":\"\",\"type\":\"lens\",\"visualizationType\":\"lnsMetric\"},\"enhancements\":{}},\"gridData\":{\"h\":5,\"i\":\"e5daf01a-5acf-4fbd-b441-9b415ce325dc\",\"w\":5,\"x\":25,\"y\":0},\"panelIndex\":\"e5daf01a-5acf-4fbd-b441-9b415ce325dc\",\"type\":\"lens\"},{\"embeddableConfig\":{\"attributes\":{\"references\":[{\"id\":\"logs-*\",\"name\":\"indexpattern-datasource-layer-6815e34d-0ea0-40a1-b4c0-eb6747dd6092\",\"type\":\"index-pattern\"}],\"state\":{\"adHocDataViews\":{},\"datasourceStates\":{\"formBased\":{\"currentIndexPatternId\":\"logs-*\",\"layers\":{\"6815e34d-0ea0-40a1-b4c0-eb6747dd6092\":{\"columnOrder\":[\"f4aadf20-0bb7-4405-9581-aa70080249bf\",\"f4aadf20-0bb7-4405-9581-aa70080249bfX0\"],\"columns\":{\"f4aadf20-0bb7-4405-9581-aa70080249bf\":{\"customLabel\":true,\"dataType\":\"number\",\"isBucketed\":false,\"label\":\"Total Message Volume (size)\",\"operationType\":\"formula\",\"params\":{\"format\":{\"id\":\"bytes\",\"params\":{\"decimals\":2}},\"formula\":\"sum(postfix.email.size)\",\"isFormulaBroken\":false},\"references\":[\"f4aadf20-0bb7-4405-9581-aa70080249bfX0\"],\"scale\":\"ratio\"},\"f4aadf20-0bb7-4405-9581-aa70080249bfX0\":{\"customLabel\":true,\"dataType\":\"number\",\"isBucketed\":false,\"label\":\"Part of Message Volume (size)\",\"operationType\":\"sum\",\"params\":{\"emptyAsNull\":false},\"scale\":\"ratio\",\"sourceField\":\"postfix.email.size\"}},\"incompleteColumns\":{},\"indexPatternId\":\"logs-*\",\"sampling\":1}}},\"indexpattern\":{\"layers\":{}},\"textBased\":{\"layers\":{}}},\"filters\":[],\"internalReferences\":[],\"query\":{\"language\":\"kuery\",\"query\":\"\"},\"visualization\":{\"layerId\":\"6815e34d-0ea0-40a1-b4c0-eb6747dd6092\",\"layerType\":\"data\",\"metricAccessor\":\"f4aadf20-0bb7-4405-9581-aa70080249bf\"}},\"title\":\"\",\"type\":\"lens\",\"visualizationType\":\"lnsMetric\"},\"enhancements\":{}},\"gridData\":{\"h\":5,\"i\":\"8fd5dc81-5aa1-4ce9-93df-8279fd5262fc\",\"w\":5,\"x\":30,\"y\":0},\"panelIndex\":\"8fd5dc81-5aa1-4ce9-93df-8279fd5262fc\",\"type\":\"lens\"},{\"embeddableConfig\":{\"attributes\":{\"description\":\"Total number of SMTPD connections over time as reported by anvil\",\"references\":[{\"id\":\"logs-*\",\"name\":\"indexpattern-datasource-layer-7845a4d5-dbd2-4bd7-bab8-5c6500b46629\",\"type\":\"index-pattern\"}],\"state\":{\"adHocDataViews\":{},\"datasourceStates\":{\"formBased\":{\"currentIndexPatternId\":\"logs-*\",\"layers\":{\"7845a4d5-dbd2-4bd7-bab8-5c6500b46629\":{\"columnOrder\":[\"c38ac6eb-912c-4c01-af52-ffd970c117ca\",\"0a11fb4e-b035-47d1-a809-365f9931811b\",\"e690f49e-20a2-4988-a552-463241a8d904\"],\"columns\":{\"0a11fb4e-b035-47d1-a809-365f9931811b\":{\"dataType\":\"date\",\"isBucketed\":true,\"label\":\"@timestamp\",\"operationType\":\"date_histogram\",\"params\":{\"dropPartials\":false,\"includeEmptyRows\":true,\"interval\":\"auto\"},\"scale\":\"interval\",\"sourceField\":\"@timestamp\"},\"c38ac6eb-912c-4c01-af52-ffd970c117ca\":{\"dataType\":\"string\",\"isBucketed\":true,\"label\":\"Top 8 values of host.name\",\"operationType\":\"terms\",\"params\":{\"accuracyMode\":true,\"exclude\":[],\"excludeIsRegex\":false,\"include\":[],\"includeIsRegex\":false,\"missingBucket\":false,\"orderBy\":{\"columnId\":\"e690f49e-20a2-4988-a552-463241a8d904\",\"type\":\"column\"},\"orderDirection\":\"desc\",\"otherBucket\":true,\"parentFormat\":{\"id\":\"terms\"},\"size\":8},\"scale\":\"ordinal\",\"sourceField\":\"host.name\"},\"e690f49e-20a2-4988-a552-463241a8d904\":{\"customLabel\":true,\"dataType\":\"number\",\"isBucketed\":false,\"label\":\"Connection Count\",\"operationType\":\"sum\",\"params\":{\"emptyAsNull\":true},\"scale\":\"ratio\",\"sourceField\":\"postfix.anvil.connection.count\"}},\"ignoreGlobalFilters\":false,\"incompleteColumns\":{},\"indexPatternId\":\"logs-*\",\"sampling\":1}}},\"indexpattern\":{\"layers\":{}},\"textBased\":{\"layers\":{}}},\"filters\":[],\"internalReferences\":[],\"query\":{\"language\":\"kuery\",\"query\":\"\"},\"visualization\":{\"axisTitlesVisibilitySettings\":{\"x\":true,\"yLeft\":true,\"yRight\":true},\"fittingFunction\":\"None\",\"gridlinesVisibilitySettings\":{\"x\":true,\"yLeft\":true,\"yRight\":true},\"labelsOrientation\":{\"x\":0,\"yLeft\":0,\"yRight\":0},\"layers\":[{\"accessors\":[\"e690f49e-20a2-4988-a552-463241a8d904\"],\"colorMapping\":{\"assignments\":[],\"colorMode\":{\"type\":\"categorical\"},\"paletteId\":\"eui_amsterdam_color_blind\",\"specialAssignments\":[{\"color\":{\"type\":\"loop\"},\"rule\":{\"type\":\"other\"},\"touched\":false}]},\"layerId\":\"7845a4d5-dbd2-4bd7-bab8-5c6500b46629\",\"layerType\":\"data\",\"position\":\"top\",\"seriesType\":\"bar_stacked\",\"showGridlines\":false,\"splitAccessor\":\"c38ac6eb-912c-4c01-af52-ffd970c117ca\",\"xAccessor\":\"0a11fb4e-b035-47d1-a809-365f9931811b\"}],\"legend\":{\"isVisible\":true,\"legendSize\":\"large\",\"position\":\"right\"},\"preferredSeriesType\":\"bar_stacked\",\"tickLabelsVisibilitySettings\":{\"x\":true,\"yLeft\":true,\"yRight\":true},\"valueLabels\":\"hide\"}},\"title\":\"\",\"type\":\"lens\",\"visualizationType\":\"lnsXY\"},\"description\":\"Total number of connections to Postfix over time as reported by anvil\",\"enhancements\":{}},\"gridData\":{\"h\":10,\"i\":\"0bc7191a-991a-4c44-bb2e-22717cf0cbb2\",\"w\":20,\"x\":0,\"y\":5},\"panelIndex\":\"0bc7191a-991a-4c44-bb2e-22717cf0cbb2\",\"title\":\"Connections over time\",\"type\":\"lens\"},{\"embeddableConfig\":{\"attributes\":{\"references\":[{\"id\":\"logs-*\",\"name\":\"indexpattern-datasource-layer-32545bd0-c3f6-46d0-b530-775f9e515cf3\",\"type\":\"index-pattern\"}],\"state\":{\"adHocDataViews\":{},\"datasourceStates\":{\"formBased\":{\"layers\":{\"32545bd0-c3f6-46d0-b530-775f9e515cf3\":{\"columnOrder\":[\"6a501fdc-d022-485c-acec-90f719f05522\",\"ce17f381-0f69-45dd-b732-f676b48f3240\",\"ff446e8c-6d93-4956-8ca8-d619668f89aa\",\"48faecca-67e1-47b8-9633-e62befac470b\",\"2f0fa569-255e-42c9-a23e-cfa2a21e9c13\"],\"columns\":{\"2f0fa569-255e-42c9-a23e-cfa2a21e9c13\":{\"customLabel\":true,\"dataType\":\"number\",\"isBucketed\":false,\"label\":\"In Queue Manager\",\"operationType\":\"median\",\"params\":{\"emptyAsNull\":true},\"scale\":\"ratio\",\"sourceField\":\"postfix.delivery.delays.in_qmgr_time\"},\"48faecca-67e1-47b8-9633-e62befac470b\":{\"customLabel\":true,\"dataType\":\"number\",\"isBucketed\":false,\"label\":\"Before Queue Manager\",\"operationType\":\"median\",\"params\":{\"emptyAsNull\":true},\"scale\":\"ratio\",\"sourceField\":\"postfix.delivery.delays.before_qmgr_time\"},\"6a501fdc-d022-485c-acec-90f719f05522\":{\"dataType\":\"date\",\"isBucketed\":true,\"label\":\"@timestamp\",\"operationType\":\"date_histogram\",\"params\":{\"dropPartials\":false,\"includeEmptyRows\":true,\"interval\":\"auto\"},\"scale\":\"interval\",\"sourceField\":\"@timestamp\"},\"ce17f381-0f69-45dd-b732-f676b48f3240\":{\"customLabel\":true,\"dataType\":\"number\",\"isBucketed\":false,\"label\":\"Connection Setup\",\"operationType\":\"median\",\"params\":{\"emptyAsNull\":true},\"scale\":\"ratio\",\"sourceField\":\"postfix.delivery.delays.connection_setup_time\"},\"ff446e8c-6d93-4956-8ca8-d619668f89aa\":{\"customLabel\":true,\"dataType\":\"number\",\"isBucketed\":false,\"label\":\"Message Transmission\",\"operationType\":\"median\",\"params\":{\"emptyAsNull\":true},\"scale\":\"ratio\",\"sourceField\":\"postfix.delivery.delays.message_transmission_time\"}},\"incompleteColumns\":{},\"sampling\":1}}},\"indexpattern\":{\"layers\":{}},\"textBased\":{\"layers\":{}}},\"filters\":[],\"internalReferences\":[],\"query\":{\"language\":\"kuery\",\"query\":\"\"},\"visualization\":{\"axisTitlesVisibilitySettings\":{\"x\":true,\"yLeft\":true,\"yRight\":true},\"fittingFunction\":\"Linear\",\"gridlinesVisibilitySettings\":{\"x\":true,\"yLeft\":true,\"yRight\":true},\"labelsOrientation\":{\"x\":0,\"yLeft\":0,\"yRight\":0},\"layers\":[{\"accessors\":[\"ce17f381-0f69-45dd-b732-f676b48f3240\",\"2f0fa569-255e-42c9-a23e-cfa2a21e9c13\",\"ff446e8c-6d93-4956-8ca8-d619668f89aa\",\"48faecca-67e1-47b8-9633-e62befac470b\"],\"colorMapping\":{\"assignments\":[],\"colorMode\":{\"type\":\"categorical\"},\"paletteId\":\"eui_amsterdam_color_blind\",\"specialAssignments\":[{\"color\":{\"type\":\"loop\"},\"rule\":{\"type\":\"other\"},\"touched\":false}]},\"layerId\":\"32545bd0-c3f6-46d0-b530-775f9e515cf3\",\"layerType\":\"data\",\"position\":\"top\",\"seriesType\":\"bar_horizontal_stacked\",\"showGridlines\":false,\"xAccessor\":\"6a501fdc-d022-485c-acec-90f719f05522\",\"yConfig\":[{\"axisMode\":\"auto\",\"color\":\"#aa6556\",\"forAccessor\":\"48faecca-67e1-47b8-9633-e62befac470b\"}]}],\"legend\":{\"isTitleVisible\":true,\"isVisible\":true,\"legendSize\":\"auto\",\"legendStats\":[\"median\",\"max\"],\"position\":\"right\",\"showSingleSeries\":true},\"preferredSeriesType\":\"bar_stacked\",\"tickLabelsVisibilitySettings\":{\"x\":true,\"yLeft\":true,\"yRight\":true},\"valueLabels\":\"hide\",\"yTitle\":\"Time (seconds)\"}},\"title\":\"\",\"type\":\"lens\",\"visualizationType\":\"lnsXY\"},\"enhancements\":{}},\"gridData\":{\"h\":10,\"i\":\"cc55639d-4ec0-45a7-a3ee-4334eb4918ad\",\"w\":19,\"x\":20,\"y\":5},\"panelIndex\":\"cc55639d-4ec0-45a7-a3ee-4334eb4918ad\",\"title\":\"Median Delivery Times\",\"type\":\"lens\"},{\"embeddableConfig\":{\"attributes\":{\"references\":[{\"id\":\"logs-*\",\"name\":\"indexpattern-datasource-layer-54eb68b6-cd67-476b-ab63-c75015e778b9\",\"type\":\"index-pattern\"}],\"state\":{\"adHocDataViews\":{},\"datasourceStates\":{\"formBased\":{\"currentIndexPatternId\":\"logs-*\",\"layers\":{\"54eb68b6-cd67-476b-ab63-c75015e778b9\":{\"columnOrder\":[\"77eec45a-3233-49d0-8dcb-3292f74560bd\",\"ac89f950-6c5e-40bf-b6df-734c42769e23\",\"2b9bb4a3-344f-4031-8815-953689c4c16c\",\"6dc76a8a-dd22-479b-b55a-efc04392cb2e\"],\"columns\":{\"2b9bb4a3-344f-4031-8815-953689c4c16c\":{\"customLabel\":true,\"dataType\":\"number\",\"isBucketed\":false,\"label\":\"Total recipients\",\"operationType\":\"sum\",\"params\":{\"emptyAsNull\":true},\"scale\":\"ratio\",\"sourceField\":\"postfix.qmgr.local_recipient_count\"},\"6dc76a8a-dd22-479b-b55a-efc04392cb2e\":{\"dataType\":\"number\",\"isBucketed\":false,\"label\":\"Count of records\",\"operationType\":\"count\",\"params\":{\"emptyAsNull\":true},\"scale\":\"ratio\",\"sourceField\":\"___records___\"},\"77eec45a-3233-49d0-8dcb-3292f74560bd\":{\"customLabel\":true,\"dataType\":\"string\",\"isBucketed\":true,\"label\":\"Top 5 Senders\",\"operationType\":\"terms\",\"params\":{\"accuracyMode\":true,\"exclude\":[],\"excludeIsRegex\":false,\"include\":[],\"includeIsRegex\":false,\"missingBucket\":false,\"orderBy\":{\"columnId\":\"ac89f950-6c5e-40bf-b6df-734c42769e23\",\"type\":\"column\"},\"orderDirection\":\"desc\",\"otherBucket\":true,\"parentFormat\":{\"id\":\"terms\"},\"size\":5},\"scale\":\"ordinal\",\"sourceField\":\"email.from.address\"},\"ac89f950-6c5e-40bf-b6df-734c42769e23\":{\"customLabel\":true,\"dataType\":\"number\",\"isBucketed\":false,\"label\":\"Total email size\",\"operationType\":\"sum\",\"params\":{\"emptyAsNull\":true,\"format\":{\"id\":\"bytes\",\"params\":{\"decimals\":2}}},\"scale\":\"ratio\",\"sourceField\":\"postfix.email.size\"}},\"incompleteColumns\":{},\"indexPatternId\":\"logs-*\",\"sampling\":1}}},\"indexpattern\":{\"layers\":{}},\"textBased\":{\"layers\":{}}},\"filters\":[],\"internalReferences\":[],\"query\":{\"language\":\"kuery\",\"query\":\"\"},\"visualization\":{\"columns\":[{\"collapseFn\":\"\",\"columnId\":\"77eec45a-3233-49d0-8dcb-3292f74560bd\",\"isTransposed\":false},{\"columnId\":\"ac89f950-6c5e-40bf-b6df-734c42769e23\",\"isTransposed\":false},{\"alignment\":\"center\",\"columnId\":\"6dc76a8a-dd22-479b-b55a-efc04392cb2e\",\"isMetric\":true,\"isTransposed\":false},{\"alignment\":\"center\",\"columnId\":\"2b9bb4a3-344f-4031-8815-953689c4c16c\",\"isTransposed\":false}],\"layerId\":\"54eb68b6-cd67-476b-ab63-c75015e778b9\",\"layerType\":\"data\"}},\"title\":\"\",\"type\":\"lens\",\"visualizationType\":\"lnsDatatable\"},\"enhancements\":{}},\"gridData\":{\"h\":10,\"i\":\"7dc41a75-a69b-4761-adaf-5711b3493555\",\"w\":20,\"x\":0,\"y\":15},\"panelIndex\":\"7dc41a75-a69b-4761-adaf-5711b3493555\",\"type\":\"lens\"},{\"embeddableConfig\":{\"attributes\":{\"references\":[{\"id\":\"logs-*\",\"name\":\"indexpattern-datasource-layer-8db41fad-1eba-4558-a676-5073ec442582\",\"type\":\"index-pattern\"}],\"state\":{\"adHocDataViews\":{},\"datasourceStates\":{\"formBased\":{\"layers\":{\"8db41fad-1eba-4558-a676-5073ec442582\":{\"columnOrder\":[\"ccb27817-eb0a-484a-985b-58d947276b28\",\"16ba5bc5-c8ad-469b-89cb-8156e33c4c55\",\"628671f4-cf6d-4c01-9386-de721dec3cae\"],\"columns\":{\"16ba5bc5-c8ad-469b-89cb-8156e33c4c55\":{\"customLabel\":true,\"dataType\":\"string\",\"isBucketed\":true,\"label\":\"Delivery Status\",\"operationType\":\"terms\",\"params\":{\"accuracyMode\":true,\"exclude\":[],\"excludeIsRegex\":false,\"include\":[],\"includeIsRegex\":false,\"missingBucket\":false,\"orderBy\":{\"fallback\":false,\"type\":\"alphabetical\"},\"orderDirection\":\"asc\",\"otherBucket\":true,\"parentFormat\":{\"id\":\"terms\"},\"size\":7},\"scale\":\"ordinal\",\"sourceField\":\"postfix.delivery.status\"},\"628671f4-cf6d-4c01-9386-de721dec3cae\":{\"customLabel\":true,\"dataType\":\"number\",\"isBucketed\":false,\"label\":\"count\",\"operationType\":\"count\",\"params\":{\"emptyAsNull\":true},\"scale\":\"ratio\",\"sourceField\":\"___records___\"},\"ccb27817-eb0a-484a-985b-58d947276b28\":{\"customLabel\":true,\"dataType\":\"string\",\"isBucketed\":true,\"label\":\"Email Direction\",\"operationType\":\"terms\",\"params\":{\"exclude\":[],\"excludeIsRegex\":false,\"include\":[],\"includeIsRegex\":false,\"missingBucket\":false,\"orderBy\":{\"columnId\":\"628671f4-cf6d-4c01-9386-de721dec3cae\",\"type\":\"column\"},\"orderDirection\":\"desc\",\"otherBucket\":true,\"parentFormat\":{\"id\":\"terms\"},\"size\":2},\"scale\":\"ordinal\",\"sourceField\":\"email.direction\"}},\"incompleteColumns\":{},\"sampling\":1}}},\"indexpattern\":{\"layers\":{}},\"textBased\":{\"layers\":{}}},\"filters\":[],\"internalReferences\":[],\"query\":{\"language\":\"kuery\",\"query\":\"\"},\"visualization\":{\"columns\":[{\"colorMapping\":{\"assignments\":[{\"color\":{\"colorIndex\":2,\"paletteId\":\"eui_amsterdam_color_blind\",\"type\":\"categorical\"},\"rule\":{\"type\":\"matchExactly\",\"values\":[\"bounced\"]},\"touched\":true},{\"color\":{\"colorIndex\":0,\"paletteId\":\"eui_amsterdam_color_blind\",\"type\":\"categorical\"},\"rule\":{\"type\":\"matchExactly\",\"values\":[\"sent\"]},\"touched\":true},{\"color\":{\"colorIndex\":1,\"paletteId\":\"eui_amsterdam_color_blind\",\"type\":\"categorical\"},\"rule\":{\"type\":\"matchExactly\",\"values\":[]},\"touched\":false}],\"colorMode\":{\"type\":\"categorical\"},\"paletteId\":\"eui_amsterdam_color_blind\",\"specialAssignments\":[{\"color\":{\"type\":\"loop\"},\"rule\":{\"type\":\"other\"},\"touched\":false}]},\"colorMode\":\"text\",\"columnId\":\"16ba5bc5-c8ad-469b-89cb-8156e33c4c55\",\"palette\":{\"name\":\"default\",\"params\":{\"stops\":[{\"color\":\"#54B399\",\"stop\":20},{\"color\":\"#6092C0\",\"stop\":30},{\"color\":\"#D36086\",\"stop\":40},{\"color\":\"#9170B8\",\"stop\":50},{\"color\":\"#CA8EAE\",\"stop\":60},{\"color\":\"#D6BF57\",\"stop\":70},{\"color\":\"#B9A888\",\"stop\":80},{\"color\":\"#DA8B45\",\"stop\":90},{\"color\":\"#AA6556\",\"stop\":100},{\"color\":\"#E7664C\",\"stop\":110}]},\"type\":\"palette\"}},{\"columnId\":\"628671f4-cf6d-4c01-9386-de721dec3cae\",\"summaryLabel\":\"Total\",\"summaryRow\":\"sum\"},{\"columnId\":\"ccb27817-eb0a-484a-985b-58d947276b28\",\"isMetric\":false,\"isTransposed\":true}],\"layerId\":\"8db41fad-1eba-4558-a676-5073ec442582\",\"layerType\":\"data\"}},\"title\":\"\",\"type\":\"lens\",\"visualizationType\":\"lnsDatatable\"},\"enhancements\":{}},\"gridData\":{\"h\":10,\"i\":\"272f80ed-0384-4cdf-8ac5-8cba0ee96961\",\"w\":19,\"x\":20,\"y\":15},\"panelIndex\":\"272f80ed-0384-4cdf-8ac5-8cba0ee96961\",\"type\":\"lens\"}]",
    "timeRestore": false,
    "title": "[Logs Postfix] - Email Delivery",
    "version": 3
  },
  "coreMigrationVersion": "8.8.0",
  "created_at": "2025-03-04T18:51:54.843Z",
  "created_by": "u_WvLOh0YM7CBW0L2-n7jdpXRi49QHTZrupTfDY4BI6JU_0",
  "id": "postfix-4a27ec5d-cd81-47fa-9ef4-786d5cb4e91a",
  "managed": false,
  "references": [
    {
      "id": "logs-*",
      "name": "kibanaSavedObjectMeta.searchSourceJSON.filter[0].meta.index",
      "type": "index-pattern"
    },
    {
      "id": "logs-*",
      "name": "94b7c581-9e8c-4b28-b47c-5068a8ee8261:indexpattern-datasource-layer-0e525c49-2674-4963-87a3-1d921382d37d",
      "type": "index-pattern"
    },
    {
      "id": "logs-*",
      "name": "a5adcd7d-c2fd-4834-9bfa-a2a914ad289d:indexpattern-datasource-layer-360822d2-ce88-4c46-a919-14d512dc6bb9",
      "type": "index-pattern"
    },
    {
      "id": "logs-*",
      "name": "a5adcd7d-c2fd-4834-9bfa-a2a914ad289d:indexpattern-datasource-layer-e2674976-5b0e-451a-bfcf-c7236d168b76",
      "type": "index-pattern"
    },
    {
      "id": "logs-*",
      "name": "3aedd9fb-d69c-4fb8-b54c-6a7b633c0676:indexpattern-datasource-layer-126dc936-25bb-415a-ad22-4e473b55d73b",
      "type": "index-pattern"
    },
    {
      "id": "logs-*",
      "name": "82b991e2-891c-40e1-815c-e1325a05a185:indexpattern-datasource-layer-6d7923a8-7288-49f3-bbc9-6cdad702b85e",
      "type": "index-pattern"
    },
    {
      "id": "logs-*",
      "name": "44738699-315d-4123-9f5a-663de3f8a52f:indexpattern-datasource-layer-de5a6590-01a2-44be-a1c8-c69e4c22d51f",
      "type": "index-pattern"
    },
    {
      "id": "logs-*",
      "name": "e5daf01a-5acf-4fbd-b441-9b415ce325dc:indexpattern-datasource-layer-1ff3329a-8931-4034-acf1-dc809276d8c9",
      "type": "index-pattern"
    },
    {
      "id": "logs-*",
      "name": "8fd5dc81-5aa1-4ce9-93df-8279fd5262fc:indexpattern-datasource-layer-6815e34d-0ea0-40a1-b4c0-eb6747dd6092",
      "type": "index-pattern"
    },
    {
      "id": "logs-*",
      "name": "0bc7191a-991a-4c44-bb2e-22717cf0cbb2:indexpattern-datasource-layer-7845a4d5-dbd2-4bd7-bab8-5c6500b46629",
      "type": "index-pattern"
    },
    {
      "id": "logs-*",
      "name": "cc55639d-4ec0-45a7-a3ee-4334eb4918ad:indexpattern-datasource-layer-32545bd0-c3f6-46d0-b530-775f9e515cf3",
      "type": "index-pattern"
    },
    {
      "id": "logs-*",
      "name": "7dc41a75-a69b-4761-adaf-5711b3493555:indexpattern-datasource-layer-54eb68b6-cd67-476b-ab63-c75015e778b9",
      "type": "index-pattern"
    },
    {
      "id": "logs-*",
      "name": "272f80ed-0384-4cdf-8ac5-8cba0ee96961:indexpattern-datasource-layer-8db41fad-1eba-4558-a676-5073ec442582",
      "type": "index-pattern"
    },
    {
      "id": "postfix-2c6424b0-b3bf-11ee-a818-97241a48aae3",
      "name": "tag-ref-2c6424b0-b3bf-11ee-a818-97241a48aae3",
      "type": "tag"
    },
    {
      "id": "logs-*",
      "name": "controlGroup_36721874-ab33-4750-acaa-c43c9a4b8475:optionsListDataView",
      "type": "index-pattern"
    }
  ],
  "type": "dashboard",
  "typeMigrationVersion": "10.2.0",
  "updated_by": "u_WvLOh0YM7CBW0L2-n7jdpXRi49QHTZrupTfDY4BI6JU_0"
}